"Timestamp","Username","Name:","Roll No.:","1st Question:","1st Question's Choices","1st Question's Correct Option","2nd Question:","2nd Question's Choices","2nd Question's Correct Option","3rd Question:","3rd Question's Choices","3rd Question's Correct Option","4th Question:","4th Question's Choices","4th Question's Correct Option"
"2023/09/03 8:59:04 am GMT+5:30","prithvigoswami2020games@gmail.com","Bittu","14","Qpeoj","Wpkrs
Widjd
Wjdhs
Sjd","A","Pqiejsa","Pqowjsa
Jddna
Dhdhw
Jd","A","Qpiejd","Qpkds
Jdjdh","A","Owjddb","Qpke
Awuhsa
Jwhdnw
Hdh","A"